{"cameraMode":{"drawMode":0,"name":"Shaded","section":"Shading Mode"},"sceneLighting":false,"audioPlay":false,"sceneViewState":{"showFog":true,"showMaterialUpdate":true,"showSkybox":true,"showFlares":true,"showImageEffects":true,"showParticleSystems":true},"in2DMode":false,"pivot":{"x":-3.8743019104003908e-7,"y":1.809999942779541,"z":0.28000134229660036},"rotation":{"x":-0.12464680522680283,"y":-0.1261468380689621,"z":0.015979155898094178,"w":-0.9840197563171387},"size":2.0183334350585939,"orthographic":false}