{"cameraMode":{"drawMode":0,"name":"Shaded","section":"Shading Mode"},"sceneLighting":false,"audioPlay":false,"sceneViewState":{"showFog":true,"showMaterialUpdate":true,"showSkybox":true,"showFlares":true,"showImageEffects":true,"showParticleSystems":true},"in2DMode":false,"pivot":{"x":0.2939739227294922,"y":-0.4316859245300293,"z":-7.812539577484131},"rotation":{"x":0.06722322106361389,"y":0.6869525909423828,"z":-0.06407154351472855,"w":0.7207440733909607},"size":22.0,"orthographic":false}