{"cameraMode":{"drawMode":0,"name":"Shaded","section":"Shading Mode"},"sceneLighting":false,"audioPlay":false,"sceneViewState":{"showFog":true,"showMaterialUpdate":true,"showSkybox":true,"showFlares":true,"showImageEffects":true,"showParticleSystems":true},"in2DMode":false,"pivot":{"x":-0.12328553199768067,"y":1.701852560043335,"z":-5.960464477539063e-8},"rotation":{"x":-0.12464680522680283,"y":-0.1261468380689621,"z":0.015979155898094178,"w":-0.9840197563171387},"size":61.86497116088867,"orthographic":false}