{"cameraMode":{"drawMode":0,"name":"Shaded","section":"Shading Mode"},"sceneLighting":true,"audioPlay":false,"sceneViewState":{"showFog":true,"showMaterialUpdate":true,"showSkybox":true,"showFlares":true,"showImageEffects":true,"showParticleSystems":true},"in2DMode":false,"pivot":{"x":-0.8157529830932617,"y":2.0905773639678957,"z":-0.07190227508544922},"rotation":{"x":0.17884056270122529,"y":0.5139166712760925,"z":-0.11051006615161896,"w":0.8316810131072998},"size":27.05478858947754,"orthographic":false}