{"cameraMode":{"drawMode":0,"name":"Shaded","section":"Shading Mode"},"sceneLighting":false,"audioPlay":false,"sceneViewState":{"showFog":true,"showMaterialUpdate":true,"showSkybox":true,"showFlares":true,"showImageEffects":true,"showParticleSystems":true},"in2DMode":false,"pivot":{"x":-0.17750787734985352,"y":2.314701795578003,"z":0.17679643630981446},"rotation":{"x":0.0712977722287178,"y":0.3590683937072754,"z":-0.02752247080206871,"w":0.9301769137382507},"size":3.9824836254119875,"orthographic":false}