{"cameraMode":{"drawMode":0,"name":"Shaded","section":"Shading Mode"},"sceneLighting":true,"audioPlay":false,"sceneViewState":{"showFog":true,"showMaterialUpdate":true,"showSkybox":true,"showFlares":true,"showImageEffects":true,"showParticleSystems":true},"in2DMode":false,"pivot":{"x":-0.3916245698928833,"y":1.9986573457717896,"z":-0.005106806755065918},"rotation":{"x":0.05829623341560364,"y":0.2337811142206192,"z":-0.014044202864170075,"w":0.9704384207725525},"size":4.015631675720215,"orthographic":false}