{"cameraMode":{"drawMode":0,"name":"Shaded","section":"Shading Mode"},"sceneLighting":false,"audioPlay":false,"sceneViewState":{"showFog":true,"showMaterialUpdate":true,"showSkybox":true,"showFlares":true,"showImageEffects":true,"showParticleSystems":true},"in2DMode":false,"pivot":{"x":65.0,"y":1.3397220373153687,"z":-41.152915954589847},"rotation":{"x":0.15716834366321565,"y":0.7000781297683716,"z":-0.16244278848171235,"w":0.6773485541343689},"size":6.338837623596191,"orthographic":false}